{
  "prepare_queue": {
    "installed": [],
    "uninstalled": []
  },
  "config_munge": {
    "files": {
      "res/xml/config.xml": {
        "parents": {
          "/*": [
            {
              "xml": "<feature name=\"Whitelist\"><param name=\"android-package\" value=\"org.apache.cordova.whitelist.WhitelistPlugin\" /><param name=\"onload\" value=\"true\" /></feature>",
              "count": 1
            },
            {
              "xml": "<feature name=\"Battery\"><param name=\"android-package\" value=\"org.apache.cordova.batterystatus.BatteryListener\" /></feature>",
              "count": 1
            },
            {
              "xml": "<feature name=\"Camera\"><param name=\"android-package\" value=\"org.apache.cordova.camera.CameraLauncher\" /></feature>",
              "count": 1
            },
            {
              "xml": "<feature name=\"Device\"><param name=\"android-package\" value=\"org.apache.cordova.device.Device\" /></feature>",
              "count": 1
            },
            {
              "xml": "<feature name=\"Notification\"><param name=\"android-package\" value=\"org.apache.cordova.dialogs.Notification\" /></feature>",
              "count": 1
            },
            {
              "xml": "<feature name=\"File\"><param name=\"android-package\" value=\"org.apache.cordova.file.FileUtils\" /><param name=\"onload\" value=\"true\" /></feature>",
              "count": 1
            },
            {
              "xml": "<allow-navigation href=\"cdvfile:*\" />",
              "count": 1
            },
            {
              "xml": "<feature name=\"Geolocation\"><param name=\"android-package\" value=\"org.apache.cordova.geolocation.Geolocation\" /></feature>",
              "count": 1
            },
            {
              "xml": "<feature name=\"InAppBrowser\"><param name=\"android-package\" value=\"org.apache.cordova.inappbrowser.InAppBrowser\" /></feature>",
              "count": 1
            },
            {
              "xml": "<feature name=\"Media\"><param name=\"android-package\" value=\"org.apache.cordova.media.AudioHandler\" /></feature>",
              "count": 1
            },
            {
              "xml": "<feature name=\"Capture\"><param name=\"android-package\" value=\"org.apache.cordova.mediacapture.Capture\" /></feature>",
              "count": 1
            },
            {
              "xml": "<feature name=\"NetworkStatus\"><param name=\"android-package\" value=\"org.apache.cordova.networkinformation.NetworkManager\" /></feature>",
              "count": 1
            },
            {
              "xml": "<feature name=\"CDVOrientation\"><param name=\"android-package\" value=\"cordova.plugins.screenorientation.CDVOrientation\" /></feature>",
              "count": 1
            },
            {
              "xml": "<feature name=\"SplashScreen\"><param name=\"android-package\" value=\"org.apache.cordova.splashscreen.SplashScreen\" /><param name=\"onload\" value=\"true\" /></feature>",
              "count": 1
            },
            {
              "xml": "<feature name=\"StatusBar\"><param name=\"android-package\" value=\"org.apache.cordova.statusbar.StatusBar\" /><param name=\"onload\" value=\"true\" /></feature>",
              "count": 1
            },
            {
              "xml": "<feature name=\"Contacts\"><param name=\"android-package\" value=\"org.apache.cordova.contacts.ContactManager\" /></feature>",
              "count": 1
            },
            {
              "xml": "<feature name=\"NativeStorage\"><param name=\"android-package\" value=\"NativeStorage\" /></feature>",
              "count": 1
            },
            {
              "xml": "<feature name=\"Launcher\"><param name=\"android-package\" value=\"com.hutchind.cordova.plugins.launcher.Launcher\" /></feature>",
              "count": 1
            },
            {
              "xml": "<feature name=\"NativeSettings\"><param name=\"android-package\" value=\"com.phonegap.plugins.nativesettings.NativeSettings\" /></feature>",
              "count": 1
            },
            {
              "xml": "<feature name=\"BarcodeScanner\"><param name=\"android-package\" value=\"com.phonegap.plugins.barcodescanner.BarcodeScanner\" /></feature>",
              "count": 1
            },
            {
              "xml": "<feature name=\"FCMPlugin\"><param name=\"android-package\" value=\"com.gae.scaffolder.plugin.FCMPlugin\" /><param name=\"onload\" value=\"true\" /></feature>",
              "count": 1
            },
            {
              "xml": "<feature name=\"PGMultiView\"><param name=\"android-package\" value=\"phonegap.pgmultiview.PGMultiView\" /></feature>",
              "count": 1
            },
            {
              "xml": "<feature name=\"CardIO\"><param name=\"android-package\" value=\"io.card.cordova.sdk.CardIOCordovaPlugin\" /></feature>",
              "count": 1
            },
            {
              "xml": "<feature name=\"AppVersion\"><param name=\"android-package\" value=\"uk.co.whiteoctober.cordova.AppVersion\" /></feature>",
              "count": 1
            },
            {
              "xml": "<feature name=\"FingerprintAuth\"><param name=\"android-package\" value=\"com.cordova.plugin.android.fingerprintauth.FingerprintAuth\" /></feature>",
              "count": 1
            },
            {
              "xml": "<feature name=\"NaverCordovaSDK\"><param name=\"android-package\" value=\"com.raccoondev85.plugin.naver.NaverCordovaSDK\" /></feature>",
              "count": 1
            },
            {
              "xml": "<feature name=\"KakaoCordovaSDK\"><param name=\"android-package\" value=\"com.raccoondev85.plugin.kakao.KakaoCordovaSDK\" /></feature>",
              "count": 1
            },
            {
              "xml": "<access origin=\"https://*.kakao.com\" />",
              "count": 1
            },
            {
              "xml": "<access origin=\"https://*.kakao.co.kr\" />",
              "count": 1
            },
            {
              "xml": "<access origin=\"https://*.kakaocdn.net\" />",
              "count": 1
            },
            {
              "xml": "<feature name=\"GooglePlus\"><param name=\"android-package\" value=\"nl.xservices.plugins.GooglePlus\" /><param name=\"onload\" value=\"true\" /></feature>",
              "count": 1
            },
            {
              "xml": "<access origin=\"https://accounts.google.com/*\" />",
              "count": 1
            }
          ]
        }
      },
      "AndroidManifest.xml": {
        "parents": {
          "/*": [
            {
              "xml": "<uses-permission android:name=\"android.permission.WRITE_EXTERNAL_STORAGE\" />",
              "count": 4
            },
            {
              "xml": "<uses-permission android:name=\"android.permission.ACCESS_COARSE_LOCATION\" />",
              "count": 1
            },
            {
              "xml": "<uses-permission android:name=\"android.permission.ACCESS_FINE_LOCATION\" />",
              "count": 1
            },
            {
              "xml": "<uses-feature android:name=\"android.hardware.location.gps\" />",
              "count": 1
            },
            {
              "xml": "<uses-permission android:name=\"android.permission.RECORD_AUDIO\" />",
              "count": 2
            },
            {
              "xml": "<uses-permission android:name=\"android.permission.MODIFY_AUDIO_SETTINGS\" />",
              "count": 1
            },
            {
              "xml": "<uses-permission android:name=\"android.permission.READ_PHONE_STATE\" />",
              "count": 1
            },
            {
              "xml": "<uses-permission android:name=\"android.permission.RECORD_VIDEO\" />",
              "count": 1
            },
            {
              "xml": "<uses-permission android:name=\"android.permission.READ_EXTERNAL_STORAGE\" />",
              "count": 1
            },
            {
              "xml": "<uses-permission android:name=\"android.permission.ACCESS_NETWORK_STATE\" />",
              "count": 2
            },
            {
              "xml": "<uses-permission android:name=\"android.permission.READ_CONTACTS\" />",
              "count": 1
            },
            {
              "xml": "<uses-permission android:name=\"android.permission.WRITE_CONTACTS\" />",
              "count": 1
            },
            {
              "xml": "<uses-permission android:name=\"android.permission.GET_ACCOUNTS\" />",
              "count": 1
            },
            {
              "xml": "<uses-permission android:name=\"android.permission.USE_FINGERPRINT\" />",
              "count": 1
            }
          ],
          "application": [
            {
              "xml": "<provider android:authorities=\"${applicationId}.provider\" android:exported=\"false\" android:grantUriPermissions=\"true\" android:name=\"org.apache.cordova.camera.FileProvider\"><meta-data android:name=\"android.support.FILE_PROVIDER_PATHS\" android:resource=\"@xml/camera_provider_paths\" /></provider>",
              "count": 1
            },
            {
              "xml": "<activity android:label=\"PGMultiViewActivity\" android:name=\"phonegap.pgmultiview.PGMultiViewActivity\"></activity>",
              "count": 1
            },
            {
              "xml": "<meta-data android:name=\"com.kakao.sdk.AppKey\" android:value=\"@string/kakao_app_key\" />",
              "count": 1
            }
          ],
          "/manifest": [
            {
              "xml": "<uses-permission android:name=\"android.permission.VIBRATE\" />",
              "count": 1
            },
            {
              "xml": "<uses-permission android:name=\"android.permission.CAMERA\" />",
              "count": 1
            },
            {
              "xml": "<uses-permission android:name=\"android.permission.FLASHLIGHT\" />",
              "count": 1
            },
            {
              "xml": "<uses-feature android:name=\"android.hardware.camera\" android:required=\"true\" />",
              "count": 1
            },
            {
              "xml": "<uses-permission android:name=\"android.permission.INTERNET\" />",
              "count": 1
            },
            {
              "xml": "<uses-permission android:name=\"android.permission.READ_EXTERNAL_STORAGE\" />",
              "count": 1
            },
            {
              "xml": "<uses-permission android:name=\"android.permission.GET_ACCOUNTS\" />",
              "count": 1
            },
            {
              "xml": "<uses-permission android:name=\"android.permission.USE_CREDENTIALS\" />",
              "count": 1
            }
          ],
          "/manifest/application": [
            {
              "xml": "<activity android:clearTaskOnLaunch=\"true\" android:configChanges=\"orientation|keyboardHidden|screenSize\" android:exported=\"false\" android:name=\"com.google.zxing.client.android.CaptureActivity\" android:theme=\"@android:style/Theme.DeviceDefault.NoActionBar\" android:windowSoftInputMode=\"stateAlwaysHidden\" />",
              "count": 1
            },
            {
              "xml": "<activity android:label=\"Share\" android:name=\"com.google.zxing.client.android.encode.EncodeActivity\" />",
              "count": 1
            },
            {
              "xml": "<activity android:exported=\"true\" android:launchMode=\"singleTop\" android:name=\"com.gae.scaffolder.plugin.FCMPluginActivity\"><intent-filter><action android:name=\"FCM_PLUGIN_ACTIVITY\" /><category android:name=\"android.intent.category.DEFAULT\" /></intent-filter></activity>",
              "count": 1
            },
            {
              "xml": "<service android:name=\"com.gae.scaffolder.plugin.MyFirebaseMessagingService\" android:stopWithTask=\"false\"><intent-filter><action android:name=\"com.google.firebase.MESSAGING_EVENT\" /></intent-filter></service>",
              "count": 1
            },
            {
              "xml": "<meta-data android:name=\"com.google.firebase.messaging.default_notification_icon\" android:resource=\"@mipmap/ic_launcher\" />",
              "count": 1
            }
          ],
          "application/activity": [
            {
              "xml": "<intent-filter><action android:name=\"android.intent.action.VIEW\" /><category android:name=\"android.intent.category.DEFAULT\" /><category android:name=\"android.intent.category.BROWSABLE\" /><data android:host=\"@string/kakaolink_host\" android:scheme=\"@string/kakao_scheme\" /></intent-filter>",
              "count": 1
            }
          ]
        }
      },
      "config.xml": {
        "parents": {
          "/*": [
            {
              "xml": "<feature name=\"Keyboard\"><param name=\"android-package\" onload=\"true\" value=\"org.apache.cordova.labs.keyboard.Keyboard\" /></feature>",
              "count": 1
            },
            {
              "xml": "<feature name=\"UnlocksDetector\"><param name=\"android-package\" value=\"cordova.plugins.UnlocksDetector\" /><param name=\"onload\" value=\"true\" /></feature>",
              "count": 1
            }
          ]
        }
      },
      "res/values/naver_strings.xml": {
        "parents": {
          "/*": [
            {
              "xml": "<string name=\"naver_client_id\">uDlGEptC0MEHrNe1t2xI</string>",
              "count": 1
            },
            {
              "xml": "<string name=\"naver_client_secret\">CS734uYeLL</string>",
              "count": 1
            },
            {
              "xml": "<string name=\"naver_client_name\">kinshealthcare</string>",
              "count": 1
            }
          ]
        }
      },
      "res/values/kakao_strings.xml": {
        "parents": {
          "/*": [
            {
              "xml": "<string name=\"kakao_app_key\">078cb5a8d27288b63e7ee4df7262944e</string>",
              "count": 1
            },
            {
              "xml": "<string name=\"kakao_scheme\">kakao078cb5a8d27288b63e7ee4df7262944e</string>",
              "count": 1
            },
            {
              "xml": "<string name=\"kakaolink_host\">kakaolink</string>",
              "count": 1
            }
          ]
        }
      }
    }
  },
  "installed_plugins": {
    "cordova-plugin-whitelist": {
      "PACKAGE_NAME": "com.spinormedia.kinshealthcare"
    },
    "cordova-plugin-battery-status": {
      "PACKAGE_NAME": "com.spinormedia.kinshealthcare"
    },
    "cordova-plugin-camera": {
      "ANDROID_SUPPORT_V4_VERSION": "27.+",
      "PACKAGE_NAME": "com.spinormedia.kinshealthcare"
    },
    "cordova-plugin-device": {
      "PACKAGE_NAME": "com.spinormedia.kinshealthcare"
    },
    "cordova-plugin-dialogs": {
      "PACKAGE_NAME": "com.spinormedia.kinshealthcare"
    },
    "cordova-plugin-file": {
      "PACKAGE_NAME": "com.spinormedia.kinshealthcare"
    },
    "cordova-plugin-geolocation": {
      "PACKAGE_NAME": "com.spinormedia.kinshealthcare"
    },
    "cordova-plugin-inappbrowser": {
      "PACKAGE_NAME": "com.spinormedia.kinshealthcare"
    },
    "cordova-plugin-media": {
      "PACKAGE_NAME": "com.spinormedia.kinshealthcare"
    },
    "cordova-plugin-media-capture": {
      "PACKAGE_NAME": "com.spinormedia.kinshealthcare"
    },
    "cordova-plugin-network-information": {
      "PACKAGE_NAME": "com.spinormedia.kinshealthcare"
    },
    "es6-promise-plugin": {
      "PACKAGE_NAME": "com.spinormedia.kinshealthcare"
    },
    "cordova-plugin-screen-orientation": {
      "PACKAGE_NAME": "com.spinormedia.kinshealthcare"
    },
    "cordova-plugin-splashscreen": {
      "PACKAGE_NAME": "com.spinormedia.kinshealthcare"
    },
    "cordova-plugin-statusbar": {
      "PACKAGE_NAME": "com.spinormedia.kinshealthcare"
    },
    "cordova-plugin-vibration": {
      "PACKAGE_NAME": "com.spinormedia.kinshealthcare"
    },
    "cordova-plugin-contacts": {
      "PACKAGE_NAME": "com.spinormedia.kinshealthcare"
    },
    "cordova-plugin-nativestorage": {
      "PACKAGE_NAME": "com.spinormedia.kinshealthcare"
    },
    "cordova-plugin-keyboard": {
      "PACKAGE_NAME": "com.spinormedia.kinshealthcare"
    },
    "cordova-plugin-app-launcher": {
      "PACKAGE_NAME": "com.spinormedia.kinshealthcare"
    },
    "cordova-open-native-settings": {
      "PACKAGE_NAME": "com.spinormedia.kinshealthcare"
    },
    "cordova-plugin-qr-barcode-scanner": {
      "ANDROID_SUPPORT_V4_VERSION": "27.+",
      "PACKAGE_NAME": "com.spinormedia.kinshealthcare"
    },
    "cordova-plugin-fcm-with-dependecy-updated": {
      "FCM_VERSION": "19.0.0",
      "GRADLE_TOOLS_VERSION": "3.5.3",
      "GOOGLE_SERVICES_VERSION": "4.3.3",
      "SUPPORT_LIBRARY_VERSION": "28.0.0",
      "ANDROID_DEFAULT_NOTIFICATION_ICON": "@mipmap/ic_launcher",
      "PACKAGE_NAME": "com.spinormedia.kinshealthcare"
    },
    "phonegap-plugin-multiview": {
      "PACKAGE_NAME": "com.spinormedia.kinshealthcare"
    },
    "cordova-plugin-card-io": {
      "PACKAGE_NAME": "com.spinormedia.kinshealthcare"
    },
    "cordova-plugin-app-version": {
      "PACKAGE_NAME": "com.spinormedia.kinshealthcare"
    },
    "cordova-plugin-android-fingerprint-auth": {
      "PACKAGE_NAME": "com.spinormedia.kinshealthcare"
    },
    "cordova-plugin-naver-sdk": {
      "OAUTH_CLIENT_ID": "uDlGEptC0MEHrNe1t2xI",
      "OAUTH_CLIENT_SECRET": "CS734uYeLL",
      "OAUTH_CLIENT_NAME": "kinshealthcare",
      "PACKAGE_NAME": "com.spinormedia.kinshealthcare"
    },
    "cordova-plugin-kakao-sdk": {
      "KAKAO_APP_KEY": "078cb5a8d27288b63e7ee4df7262944e",
      "PACKAGE_NAME": "com.spinormedia.kinshealthcare"
    },
    "cordova-plugin-googleplus": {
      "PLAY_SERVICES_VERSION": "15.0.1",
      "PACKAGE_NAME": "com.spinormedia.kinshealthcare"
    },
    "cordova.plugins.unlocksdetector": {
      "PACKAGE_NAME": "com.spinormedia.kinshealthcare"
    }
  },
  "dependent_plugins": {},
  "modules": [
    {
      "id": "cordova-plugin-battery-status.battery",
      "file": "plugins/cordova-plugin-battery-status/www/battery.js",
      "pluginId": "cordova-plugin-battery-status",
      "clobbers": [
        "navigator.battery"
      ]
    },
    {
      "id": "cordova-plugin-camera.Camera",
      "file": "plugins/cordova-plugin-camera/www/CameraConstants.js",
      "pluginId": "cordova-plugin-camera",
      "clobbers": [
        "Camera"
      ]
    },
    {
      "id": "cordova-plugin-camera.CameraPopoverOptions",
      "file": "plugins/cordova-plugin-camera/www/CameraPopoverOptions.js",
      "pluginId": "cordova-plugin-camera",
      "clobbers": [
        "CameraPopoverOptions"
      ]
    },
    {
      "id": "cordova-plugin-camera.camera",
      "file": "plugins/cordova-plugin-camera/www/Camera.js",
      "pluginId": "cordova-plugin-camera",
      "clobbers": [
        "navigator.camera"
      ]
    },
    {
      "id": "cordova-plugin-camera.CameraPopoverHandle",
      "file": "plugins/cordova-plugin-camera/www/CameraPopoverHandle.js",
      "pluginId": "cordova-plugin-camera",
      "clobbers": [
        "CameraPopoverHandle"
      ]
    },
    {
      "id": "cordova-plugin-device.device",
      "file": "plugins/cordova-plugin-device/www/device.js",
      "pluginId": "cordova-plugin-device",
      "clobbers": [
        "device"
      ]
    },
    {
      "id": "cordova-plugin-dialogs.notification",
      "file": "plugins/cordova-plugin-dialogs/www/notification.js",
      "pluginId": "cordova-plugin-dialogs",
      "merges": [
        "navigator.notification"
      ]
    },
    {
      "id": "cordova-plugin-dialogs.notification_android",
      "file": "plugins/cordova-plugin-dialogs/www/android/notification.js",
      "pluginId": "cordova-plugin-dialogs",
      "merges": [
        "navigator.notification"
      ]
    },
    {
      "id": "cordova-plugin-file.DirectoryEntry",
      "file": "plugins/cordova-plugin-file/www/DirectoryEntry.js",
      "pluginId": "cordova-plugin-file",
      "clobbers": [
        "window.DirectoryEntry"
      ]
    },
    {
      "id": "cordova-plugin-file.DirectoryReader",
      "file": "plugins/cordova-plugin-file/www/DirectoryReader.js",
      "pluginId": "cordova-plugin-file",
      "clobbers": [
        "window.DirectoryReader"
      ]
    },
    {
      "id": "cordova-plugin-file.Entry",
      "file": "plugins/cordova-plugin-file/www/Entry.js",
      "pluginId": "cordova-plugin-file",
      "clobbers": [
        "window.Entry"
      ]
    },
    {
      "id": "cordova-plugin-file.File",
      "file": "plugins/cordova-plugin-file/www/File.js",
      "pluginId": "cordova-plugin-file",
      "clobbers": [
        "window.File"
      ]
    },
    {
      "id": "cordova-plugin-file.FileEntry",
      "file": "plugins/cordova-plugin-file/www/FileEntry.js",
      "pluginId": "cordova-plugin-file",
      "clobbers": [
        "window.FileEntry"
      ]
    },
    {
      "id": "cordova-plugin-file.FileError",
      "file": "plugins/cordova-plugin-file/www/FileError.js",
      "pluginId": "cordova-plugin-file",
      "clobbers": [
        "window.FileError"
      ]
    },
    {
      "id": "cordova-plugin-file.FileReader",
      "file": "plugins/cordova-plugin-file/www/FileReader.js",
      "pluginId": "cordova-plugin-file",
      "clobbers": [
        "window.FileReader"
      ]
    },
    {
      "id": "cordova-plugin-file.FileSystem",
      "file": "plugins/cordova-plugin-file/www/FileSystem.js",
      "pluginId": "cordova-plugin-file",
      "clobbers": [
        "window.FileSystem"
      ]
    },
    {
      "id": "cordova-plugin-file.FileUploadOptions",
      "file": "plugins/cordova-plugin-file/www/FileUploadOptions.js",
      "pluginId": "cordova-plugin-file",
      "clobbers": [
        "window.FileUploadOptions"
      ]
    },
    {
      "id": "cordova-plugin-file.FileUploadResult",
      "file": "plugins/cordova-plugin-file/www/FileUploadResult.js",
      "pluginId": "cordova-plugin-file",
      "clobbers": [
        "window.FileUploadResult"
      ]
    },
    {
      "id": "cordova-plugin-file.FileWriter",
      "file": "plugins/cordova-plugin-file/www/FileWriter.js",
      "pluginId": "cordova-plugin-file",
      "clobbers": [
        "window.FileWriter"
      ]
    },
    {
      "id": "cordova-plugin-file.Flags",
      "file": "plugins/cordova-plugin-file/www/Flags.js",
      "pluginId": "cordova-plugin-file",
      "clobbers": [
        "window.Flags"
      ]
    },
    {
      "id": "cordova-plugin-file.LocalFileSystem",
      "file": "plugins/cordova-plugin-file/www/LocalFileSystem.js",
      "pluginId": "cordova-plugin-file",
      "clobbers": [
        "window.LocalFileSystem"
      ],
      "merges": [
        "window"
      ]
    },
    {
      "id": "cordova-plugin-file.Metadata",
      "file": "plugins/cordova-plugin-file/www/Metadata.js",
      "pluginId": "cordova-plugin-file",
      "clobbers": [
        "window.Metadata"
      ]
    },
    {
      "id": "cordova-plugin-file.ProgressEvent",
      "file": "plugins/cordova-plugin-file/www/ProgressEvent.js",
      "pluginId": "cordova-plugin-file",
      "clobbers": [
        "window.ProgressEvent"
      ]
    },
    {
      "id": "cordova-plugin-file.fileSystems",
      "file": "plugins/cordova-plugin-file/www/fileSystems.js",
      "pluginId": "cordova-plugin-file"
    },
    {
      "id": "cordova-plugin-file.requestFileSystem",
      "file": "plugins/cordova-plugin-file/www/requestFileSystem.js",
      "pluginId": "cordova-plugin-file",
      "clobbers": [
        "window.requestFileSystem"
      ]
    },
    {
      "id": "cordova-plugin-file.resolveLocalFileSystemURI",
      "file": "plugins/cordova-plugin-file/www/resolveLocalFileSystemURI.js",
      "pluginId": "cordova-plugin-file",
      "merges": [
        "window"
      ]
    },
    {
      "id": "cordova-plugin-file.isChrome",
      "file": "plugins/cordova-plugin-file/www/browser/isChrome.js",
      "pluginId": "cordova-plugin-file",
      "runs": true
    },
    {
      "id": "cordova-plugin-file.androidFileSystem",
      "file": "plugins/cordova-plugin-file/www/android/FileSystem.js",
      "pluginId": "cordova-plugin-file",
      "merges": [
        "FileSystem"
      ]
    },
    {
      "id": "cordova-plugin-file.fileSystems-roots",
      "file": "plugins/cordova-plugin-file/www/fileSystems-roots.js",
      "pluginId": "cordova-plugin-file",
      "runs": true
    },
    {
      "id": "cordova-plugin-file.fileSystemPaths",
      "file": "plugins/cordova-plugin-file/www/fileSystemPaths.js",
      "pluginId": "cordova-plugin-file",
      "merges": [
        "cordova"
      ],
      "runs": true
    },
    {
      "id": "cordova-plugin-geolocation.geolocation",
      "file": "plugins/cordova-plugin-geolocation/www/android/geolocation.js",
      "pluginId": "cordova-plugin-geolocation",
      "clobbers": [
        "navigator.geolocation"
      ]
    },
    {
      "id": "cordova-plugin-geolocation.PositionError",
      "file": "plugins/cordova-plugin-geolocation/www/PositionError.js",
      "pluginId": "cordova-plugin-geolocation",
      "runs": true
    },
    {
      "id": "cordova-plugin-inappbrowser.inappbrowser",
      "file": "plugins/cordova-plugin-inappbrowser/www/inappbrowser.js",
      "pluginId": "cordova-plugin-inappbrowser",
      "clobbers": [
        "cordova.InAppBrowser.open",
        "window.open"
      ]
    },
    {
      "id": "cordova-plugin-media.MediaError",
      "file": "plugins/cordova-plugin-media/www/MediaError.js",
      "pluginId": "cordova-plugin-media",
      "clobbers": [
        "window.MediaError"
      ]
    },
    {
      "id": "cordova-plugin-media.Media",
      "file": "plugins/cordova-plugin-media/www/Media.js",
      "pluginId": "cordova-plugin-media",
      "clobbers": [
        "window.Media"
      ]
    },
    {
      "id": "cordova-plugin-media-capture.CaptureAudioOptions",
      "file": "plugins/cordova-plugin-media-capture/www/CaptureAudioOptions.js",
      "pluginId": "cordova-plugin-media-capture",
      "clobbers": [
        "CaptureAudioOptions"
      ]
    },
    {
      "id": "cordova-plugin-media-capture.CaptureImageOptions",
      "file": "plugins/cordova-plugin-media-capture/www/CaptureImageOptions.js",
      "pluginId": "cordova-plugin-media-capture",
      "clobbers": [
        "CaptureImageOptions"
      ]
    },
    {
      "id": "cordova-plugin-media-capture.CaptureVideoOptions",
      "file": "plugins/cordova-plugin-media-capture/www/CaptureVideoOptions.js",
      "pluginId": "cordova-plugin-media-capture",
      "clobbers": [
        "CaptureVideoOptions"
      ]
    },
    {
      "id": "cordova-plugin-media-capture.CaptureError",
      "file": "plugins/cordova-plugin-media-capture/www/CaptureError.js",
      "pluginId": "cordova-plugin-media-capture",
      "clobbers": [
        "CaptureError"
      ]
    },
    {
      "id": "cordova-plugin-media-capture.MediaFileData",
      "file": "plugins/cordova-plugin-media-capture/www/MediaFileData.js",
      "pluginId": "cordova-plugin-media-capture",
      "clobbers": [
        "MediaFileData"
      ]
    },
    {
      "id": "cordova-plugin-media-capture.MediaFile",
      "file": "plugins/cordova-plugin-media-capture/www/MediaFile.js",
      "pluginId": "cordova-plugin-media-capture",
      "clobbers": [
        "MediaFile"
      ]
    },
    {
      "id": "cordova-plugin-media-capture.helpers",
      "file": "plugins/cordova-plugin-media-capture/www/helpers.js",
      "pluginId": "cordova-plugin-media-capture",
      "runs": true
    },
    {
      "id": "cordova-plugin-media-capture.capture",
      "file": "plugins/cordova-plugin-media-capture/www/capture.js",
      "pluginId": "cordova-plugin-media-capture",
      "clobbers": [
        "navigator.device.capture"
      ]
    },
    {
      "id": "cordova-plugin-media-capture.init",
      "file": "plugins/cordova-plugin-media-capture/www/android/init.js",
      "pluginId": "cordova-plugin-media-capture",
      "runs": true
    },
    {
      "id": "cordova-plugin-network-information.network",
      "file": "plugins/cordova-plugin-network-information/www/network.js",
      "pluginId": "cordova-plugin-network-information",
      "clobbers": [
        "navigator.connection",
        "navigator.network.connection"
      ]
    },
    {
      "id": "cordova-plugin-network-information.Connection",
      "file": "plugins/cordova-plugin-network-information/www/Connection.js",
      "pluginId": "cordova-plugin-network-information",
      "clobbers": [
        "Connection"
      ]
    },
    {
      "id": "es6-promise-plugin.Promise",
      "file": "plugins/es6-promise-plugin/www/promise.js",
      "pluginId": "es6-promise-plugin",
      "runs": true
    },
    {
      "id": "cordova-plugin-screen-orientation.screenorientation",
      "file": "plugins/cordova-plugin-screen-orientation/www/screenorientation.js",
      "pluginId": "cordova-plugin-screen-orientation",
      "clobbers": [
        "cordova.plugins.screenorientation"
      ]
    },
    {
      "id": "cordova-plugin-splashscreen.SplashScreen",
      "file": "plugins/cordova-plugin-splashscreen/www/splashscreen.js",
      "pluginId": "cordova-plugin-splashscreen",
      "clobbers": [
        "navigator.splashscreen"
      ]
    },
    {
      "id": "cordova-plugin-statusbar.statusbar",
      "file": "plugins/cordova-plugin-statusbar/www/statusbar.js",
      "pluginId": "cordova-plugin-statusbar",
      "clobbers": [
        "window.StatusBar"
      ]
    },
    {
      "id": "cordova-plugin-contacts.contacts",
      "file": "plugins/cordova-plugin-contacts/www/contacts.js",
      "pluginId": "cordova-plugin-contacts",
      "clobbers": [
        "navigator.contacts"
      ]
    },
    {
      "id": "cordova-plugin-contacts.Contact",
      "file": "plugins/cordova-plugin-contacts/www/Contact.js",
      "pluginId": "cordova-plugin-contacts",
      "clobbers": [
        "Contact"
      ]
    },
    {
      "id": "cordova-plugin-contacts.convertUtils",
      "file": "plugins/cordova-plugin-contacts/www/convertUtils.js",
      "pluginId": "cordova-plugin-contacts"
    },
    {
      "id": "cordova-plugin-contacts.ContactAddress",
      "file": "plugins/cordova-plugin-contacts/www/ContactAddress.js",
      "pluginId": "cordova-plugin-contacts",
      "clobbers": [
        "ContactAddress"
      ]
    },
    {
      "id": "cordova-plugin-contacts.ContactError",
      "file": "plugins/cordova-plugin-contacts/www/ContactError.js",
      "pluginId": "cordova-plugin-contacts",
      "clobbers": [
        "ContactError"
      ]
    },
    {
      "id": "cordova-plugin-contacts.ContactField",
      "file": "plugins/cordova-plugin-contacts/www/ContactField.js",
      "pluginId": "cordova-plugin-contacts",
      "clobbers": [
        "ContactField"
      ]
    },
    {
      "id": "cordova-plugin-contacts.ContactFindOptions",
      "file": "plugins/cordova-plugin-contacts/www/ContactFindOptions.js",
      "pluginId": "cordova-plugin-contacts",
      "clobbers": [
        "ContactFindOptions"
      ]
    },
    {
      "id": "cordova-plugin-contacts.ContactName",
      "file": "plugins/cordova-plugin-contacts/www/ContactName.js",
      "pluginId": "cordova-plugin-contacts",
      "clobbers": [
        "ContactName"
      ]
    },
    {
      "id": "cordova-plugin-contacts.ContactOrganization",
      "file": "plugins/cordova-plugin-contacts/www/ContactOrganization.js",
      "pluginId": "cordova-plugin-contacts",
      "clobbers": [
        "ContactOrganization"
      ]
    },
    {
      "id": "cordova-plugin-contacts.ContactFieldType",
      "file": "plugins/cordova-plugin-contacts/www/ContactFieldType.js",
      "pluginId": "cordova-plugin-contacts",
      "merges": [
        ""
      ]
    },
    {
      "id": "cordova-plugin-nativestorage.mainHandle",
      "file": "plugins/cordova-plugin-nativestorage/www/mainHandle.js",
      "pluginId": "cordova-plugin-nativestorage",
      "clobbers": [
        "NativeStorage"
      ]
    },
    {
      "id": "cordova-plugin-nativestorage.LocalStorageHandle",
      "file": "plugins/cordova-plugin-nativestorage/www/LocalStorageHandle.js",
      "pluginId": "cordova-plugin-nativestorage"
    },
    {
      "id": "cordova-plugin-nativestorage.NativeStorageError",
      "file": "plugins/cordova-plugin-nativestorage/www/NativeStorageError.js",
      "pluginId": "cordova-plugin-nativestorage"
    },
    {
      "id": "cordova-plugin-keyboard.keyboard",
      "file": "plugins/cordova-plugin-keyboard/www/keyboard.js",
      "pluginId": "cordova-plugin-keyboard",
      "clobbers": [
        "window.Keyboard"
      ]
    },
    {
      "id": "cordova-plugin-app-launcher.Launcher",
      "file": "plugins/cordova-plugin-app-launcher/www/Launcher.js",
      "pluginId": "cordova-plugin-app-launcher",
      "clobbers": [
        "plugins.launcher"
      ]
    },
    {
      "id": "cordova-open-native-settings.Settings",
      "file": "plugins/cordova-open-native-settings/www/settings.js",
      "pluginId": "cordova-open-native-settings",
      "clobbers": [
        "cordova.plugins.settings"
      ]
    },
    {
      "id": "cordova-plugin-qr-barcode-scanner.BarcodeScanner",
      "file": "plugins/cordova-plugin-qr-barcode-scanner/www/barcodescanner.js",
      "pluginId": "cordova-plugin-qr-barcode-scanner",
      "clobbers": [
        "cordova.plugins.barcodeScanner"
      ]
    },
    {
      "id": "cordova-plugin-fcm-with-dependecy-updated.FCMPlugin",
      "file": "plugins/cordova-plugin-fcm-with-dependecy-updated/www/FCMPlugin.js",
      "pluginId": "cordova-plugin-fcm-with-dependecy-updated",
      "clobbers": [
        "FCMPlugin"
      ]
    },
    {
      "id": "phonegap-plugin-multiview.multiview",
      "file": "plugins/phonegap-plugin-multiview/www/multiview.js",
      "pluginId": "phonegap-plugin-multiview",
      "clobbers": [
        "PGMultiView"
      ]
    },
    {
      "id": "cordova-plugin-card-io.CardIO",
      "file": "plugins/cordova-plugin-card-io/www/cdv-plugin-card-io.js",
      "pluginId": "cordova-plugin-card-io",
      "clobbers": [
        "CardIO"
      ]
    },
    {
      "id": "cordova-plugin-app-version.AppVersionPlugin",
      "file": "plugins/cordova-plugin-app-version/www/AppVersionPlugin.js",
      "pluginId": "cordova-plugin-app-version",
      "clobbers": [
        "cordova.getAppVersion"
      ]
    },
    {
      "id": "cordova-plugin-android-fingerprint-auth.FingerprintAuth",
      "file": "plugins/cordova-plugin-android-fingerprint-auth/www/FingerprintAuth.js",
      "pluginId": "cordova-plugin-android-fingerprint-auth",
      "clobbers": [
        "FingerprintAuth"
      ]
    },
    {
      "id": "cordova-plugin-naver-sdk.NaverCordovaSDK",
      "file": "plugins/cordova-plugin-naver-sdk/www/NaverCordovaSDK.js",
      "pluginId": "cordova-plugin-naver-sdk",
      "clobbers": [
        "NaverCordovaSDK"
      ]
    },
    {
      "id": "cordova-plugin-kakao-sdk.AuthConstant",
      "file": "plugins/cordova-plugin-kakao-sdk/www/AuthConstant.js",
      "pluginId": "cordova-plugin-kakao-sdk",
      "clobbers": [
        "AuthConstant"
      ]
    },
    {
      "id": "cordova-plugin-kakao-sdk.KakaoCordovaSDK",
      "file": "plugins/cordova-plugin-kakao-sdk/www/KakaoCordovaSDK.js",
      "pluginId": "cordova-plugin-kakao-sdk",
      "clobbers": [
        "KakaoCordovaSDK"
      ]
    },
    {
      "id": "cordova-plugin-googleplus.GooglePlus",
      "file": "plugins/cordova-plugin-googleplus/www/GooglePlus.js",
      "pluginId": "cordova-plugin-googleplus",
      "clobbers": [
        "window.plugins.googleplus"
      ]
    },
    {
      "id": "cordova.plugins.unlocksdetector.UnlocksDetector",
      "file": "plugins/cordova.plugins.unlocksdetector/www/unlocksDetector.js",
      "pluginId": "cordova.plugins.unlocksdetector",
      "clobbers": [
        "unlocksDetector"
      ]
    }
  ],
  "plugin_metadata": {
    "cordova-plugin-whitelist": "1.3.4",
    "cordova-plugin-battery-status": "2.0.3",
    "cordova-plugin-camera": "4.1.0",
    "cordova-plugin-device": "2.0.3",
    "cordova-plugin-dialogs": "2.0.2",
    "cordova-plugin-file": "6.0.2",
    "cordova-plugin-geolocation": "4.0.2",
    "cordova-plugin-inappbrowser": "3.2.0",
    "cordova-plugin-media": "5.0.3",
    "cordova-plugin-media-capture": "3.0.3",
    "cordova-plugin-network-information": "2.0.2",
    "es6-promise-plugin": "4.2.2",
    "cordova-plugin-screen-orientation": "3.0.2",
    "cordova-plugin-splashscreen": "5.0.3",
    "cordova-plugin-statusbar": "2.4.3",
    "cordova-plugin-vibration": "3.1.1",
    "cordova-plugin-contacts": "3.0.1",
    "cordova-plugin-nativestorage": "2.3.2",
    "cordova-plugin-keyboard": "1.2.0",
    "cordova-plugin-app-launcher": "0.4.0",
    "cordova-open-native-settings": "1.5.2",
    "cordova-plugin-qr-barcode-scanner": "8.0.3",
    "cordova-plugin-fcm-with-dependecy-updated": "4.6.0",
    "phonegap-plugin-multiview": "0.0.1",
    "cordova-plugin-card-io": "2.1.1",
    "cordova-plugin-app-version": "0.1.9",
    "cordova-plugin-android-fingerprint-auth": "1.5.0",
    "cordova-plugin-naver-sdk": "1.0.5",
    "cordova-plugin-kakao-sdk": "3.0.5",
    "cordova-plugin-googleplus": "8.4.0",
    "cordova.plugins.unlocksdetector": "0.2.3"
  }
}
